2022/Bilans des accords signés par la CGT.pdf;1D26euzyiHrxxD04EymwMd-iByugkWRJS
2022/Bilans des accords signés par la CGT_page-0001.jpg;10bYHGICMEp5EYaFT4GWwFVzZP1SWU6w4
2022/Ce que veulent les Cadres -Synthèse Baromètre Cadres UGICT Viavoice octobre 2022.pdf;1D7KIwkPJ5P5mCneK66POxlQvpSoVL-_O
2022/Ce que veulent les Cadres -Synthèse Baromètre Cadres UGICT Viavoice octobre 2022_page-0001.jpg;1ZMSFermMATlZ39e4lXUnxMiJ7t6PgjIz
2022/Elections Pro - Choisir son camp.pdf;1_09ieUlUawxl2PLjQCAT4DbXyk-scVTu
2022/Elections Pro - Choisir son camp_page-0001.jpg;1qhH7i6EAnJV0hd3rZZl00nTNWs46Hpe9
2022/Enjeu Salaires2022.pdf;13M_M6OW4HFuwHopiKegXvryOb2SnG4AG
2022/Enjeu Salaires2022_page-0001.jpg;1HQLh83H9FtXnySt0rzcCiTMnemgWyetz
2022/Le saviez-vous 12_11_2022.pdf;1fiC3r8MwL5PNOnZSTYSGvOLvr7cclL6L
2022/Le saviez-vous 12_11_2022_page-0001.jpg;1IEgzOoGGJulocbFHhUNGmDm5_fEaMke-
2022/Les Navettes Quelle Galère 09_11_2022.pdf;1eY3Q2JAQ1t_zMZj1jbTaikOPYoOI8T3E
2022/Les Navettes Quelle Galère 09_11_2022_page-0001.jpg;1vJ75YyA4DFKqMWlxCYzSVCwuP04IU6mH
2022/Manif29septembre CandidaturesElection.pdf;1gyaLvEqNmlSmYFPxmFGPT41o-v3pyOd9
2022/Manif29septembre CandidaturesElection_page-0001.jpg;1aDRarvqtZMQdllapMVh9VAGABB3UuTXR
2022/Points sur les i 12_11_2022.pdf;11wtif26LMcPs7-nd3lv24c2VFLQeEdzO
2022/Points sur les i 12_11_2022_page-0001.jpg;1TO1ZFBHge_eUMTR6IfrNIYGknOxZwDSF
2022/Radar Travail et Environnement 09_11_2022.pdf;1Mh4cQOjpih19qj2lSwNHNbVpBPW2MnAW
2022/Radar Travail et Environnement 09_11_2022_page-0001.jpg;1QUAYFCOOpWqNZvXP8j37titXlbkYct1Z
2022/Retour Sondage CGT Navettes Octobre 2022.pdf;1S1VmCvUnzeV4RNU4J0zftwaXi8O6jCwI
2022/Retour Sondage CGT Navettes Octobre 2022_page-0001.jpg;1OqiDMtJF6zXR5R7JFjLtVRnN2rQBD-7D
2022/Tract CGT desaccords en cascade 03-06-2022.pdf;1DFmuNz2aNyZURKXWis01gBJ-7DH4bs5s
2022/Tract CGT desaccords en cascade 03-06-2022_page-0001.jpg;1RmTqbQiS-uxLDFk2bOV8bgqLf5EiL_M5
2022/Tract IS - revoyure NAO 02122020.pdf;1CMgoW5X__e7jmIjTb0Sddb_G4YdcKxpf
2022/Tract IS - revoyure NAO 02122020_page-0001.jpg;1DD1WVywTcRtLhhGVn_HAzSFSfi9LsMGf
2022/Tract Sondages.pdf;16Wapl1RSN15g2rDlM9eeJ0IeL3npzpHE
2022/Tract Sondages_page-0001.jpg;14P0kCtsovyHDYG2gq4zgnP3QxVsvkpzM
2022/Tract brèves d'été.pdf;1OSkz49itni4sFi6TZFqATXmbW1z29j3d
2022/Tract brèves d'été_page-0001.jpg;1-jznQR32QgSLb9x7f5hKGjag3CsZ5D8c
2022/Tract demenagement 06-09-22.pdf;1CiM1_VZXvt4mR7E8WA4Uk1Pxc1FbtW04
2022/Tract demenagement 06-09-22_page-0001.jpg;1uc0gxKAANXM98MUsLDeWe-dK3vPzZPNc
2022/Tract_NegoTELEW.pdf;15iAxNvmlhS3okmP1Y9sLovZNLJy6qusX
2022/Tract_NegoTELEW_page-0001.jpg;14vEHn0fKPnyObh34lqrf7og8qtXokWkV
2022/Tract_Santé_Prévoyance_Mars_2022 nps.pdf;1kalnx02c7w-P5C_fv0TJpfRm7Z4wm0OH
2022/Tract_Santé_Prévoyance_Mars_2022 nps_page-0001.jpg;1RL1vLJlovWB85Smf_PQEaKU-grhEl65u
2023/La CGT dénonce l’arrestation de ses militants dans le Nord  _ CGT.pdf;1oe6neTu783P_0tI2ByF7bj10UAS3PmWd
2023/La CGT dénonce l’arrestation de ses militants dans le Nord  _ CGT_page-0001.jpg;1rKgUI-miEgqQMFsAQiH3DSGOMYKlwwXQ
2023/Tract CGT Annonces Pekka NCCN RCC Radar 06_11_2023.pdf;1lPVLmwaZVl6VXhAxRd6MJI948JvxyRh7
2023/Tract CGT Annonces Pekka NCCN RCC Radar 06_11_2023_page-0001.jpg;1sX4v_JaOIltYrY76zIevBsj7m9O4xk_b
2023/Tract Volontariat RCC.pdf;1jy4H50Ow4lNIW6PYfw_11p6J72_hoyKA
2023/Tract Volontariat RCC_page-0001.jpg;1eKja-5HkMe1QKpqFochAAFET3q8PkVud
2023/Tract brèves de printemps.pdf;1D7EX-kie-csbcctnRh6LRs0vNQFxQ3yr
2023/Tract brèves de printemps_page-0001.jpg;1fw9thu13HY_zvoDiSPpgzuUXKisCNJah
2023/cotcot-promocadre-rcc-amphemol-reorg-V3_page-0001.jpg;1zp_M3Z4VgyeauVbXhQS8fJjddKO2wcND
2023/midpoints.pdf;1Cu86BDSliZTkSWHlDc4tp-yNqdI7uJkk
2023/midpoints_page-0001.jpg;1TdMf2ZFBO1bPPoj6WTLu-yKOvOepBcXI
2023/ncc cotation 3.pdf;10AbLFHnlbgo7dyZyQxd6R_Pc3iWWY4MH
2023/ncc cotation 3_page-0001.jpg;1bTR5xTxwnGZSeeLcQQ5NfnHFp_B_GMrA
2023/tract com nokia final.pdf;11MQUS53BJVqrn3fkguA-3NLPaUr86_oH
2023/tract com nokia final_page-0001.jpg;1eec9sH-3xbMsL5zFOoXo2GjnBqKFQmzq
2023/tract-noel-2023-V3.pdf;1wMDFr90UJsUe_9sP0s3IMKiQKWhJ5pqB
2023/tract-noel-2023-V3_page-0001.jpg;1NXqi6gh_aGbArh9z0hEE9WfNfXvg_3mK
2024/2024-12-04_Mobilisations_et_elections_TPE.pdf;1zHo4ILt1u1t-uK5HMvVkTEs36aziSiHv
2024/2024-12-04_Mobilisations_et_elections_TPE_page-0001.jpg;1jaU-5iAX9hQ710QwmQsUb3SEuk5_rCta
2024/Democratie Syndicalisation RCC Salaires v2.pdf;1kO6fIgWkFZNgj8QxLvWqwK9P5GAOIVKY
2024/Democratie Syndicalisation RCC Salaires v2_page-0001.jpg;1IlxYnGpLkzeUSjL28itf3XhTnSx6gp3w
2024/Profession_de_Foi_CGT_elections_FCPAN_2024_VF_V3.pdf;1G0mwOMpJ3uUsOFGzN2Gza2VDnxMoqfKt
2024/Profession_de_Foi_CGT_elections_FCPAN_2024_VF_V3_page-0001.jpg;1GAu9M7iM641H3_lg9lvEn4CFP95yJldY
2024/reorg-mn-V3.pdf;1w6dmk8CUUBVALofc2jDSDHH4dCrBkaBW
2024/reorg-mn-V3_page-0001.jpg;1MYNlG6i0Xx4mYRBWKzdYqQAO6SEeVVsX
2024/retour salaires 2024 v1.pdf;1y4QKgC42dZ9NP0YQiHRs4_A91kbwLmN0
2024/retour salaires 2024 v1_page-0001.jpg;1b7jqWabHzFTvqthLk0yLD5M1X6axQIjo
2024/tract-bilan-rcc24 v4.pdf;1WKl0yWpVNwzxGxeIlUe72cbAdADEG106
2024/tract-bilan-rcc24 v4_page-0001.jpg;1hFRC3DcH5JuaPbuIwX2TZny_D1duDaHA
2024/tract-indus-v1.pdf;1801JBPY8kNZpd3tZXUOV4BDGLGsa3RYV
2024/tract-indus-v1_page-0001.jpg;1fgI2eKqmU2lKXFL-0mGYsvE2-f-neeiV
2025/20250507_JourneeAction5Juin_Tract_.pdf;1al9tNQLzi-mwINnMeLYKadLymm-DL-bl
2025/20250507_JourneeAction5Juin_Tract__page-0001.jpg;1E0TphBobR-LCayz2q9WU68FjZqBRynlM
2025/20251002_Tract_CGT_.pdf;1mb4qNAz6jCS_3AeRttSa3DkdCiDk8vsu
2025/20251002_Tract_CGT__page-0001.jpg;1z6g4SuOc-91lS4vBL2QNJh0OgcmYLqTh
2025/2025_04_TRACT_radar_restitution_v2_3p.pdf;1z2qc4-BN-t57Z9DT1vahfETxO0YK4wcB
2025/2025_04_TRACT_radar_restitution_v2_3p_page-0001.jpg;1CJJykmG3iVum0jNuu1zGRt-T9Zbn067O
2025/CGT-NPS-Voeux-2025.pdf;1aztrsA6BMxgm6VCRU3qCZil79FNQ_De2
2025/CGT-NPS-Voeux-2025_page-0001.jpg;1S1xbi-7MDGVrEOTtAhhp2hKNBSTK62eD
2025/Calculateur salaires 2025 v1.pdf;15o3e4Ey61GVpr7LjGoxgzYXgd7UXc65-
2025/Calculateur salaires 2025 v1_page-0001.jpg;1m6u4QfSOoWrPJzcPBPc1rq9YKCo2MPuW
2025/Palestine appel_manif_14_juin_cfdt_cgt_unsa_solidaires_fsu.pdf;1IITC-CMA-vUghZGxIfBWLq2C--nwJ5eE
2025/Palestine appel_manif_14_juin_cfdt_cgt_unsa_solidaires_fsu_page-0001.jpg;10GHLSQu61kkU0qWB5wErDiXvBDtQh-sh
2025/Soutien_Grece_Nokia_Microwave_v1.pdf;1NCMkcmIga2V6rs4hfhtOrvXDgpq0iO2_
2025/Soutien_Grece_Nokia_Microwave_v1_page-0001.jpg;1MmbFS8TbBvaQwd_y3jsNq5pyNT7yw3XK
2025/Voeux-2025-v0_page-0001.jpg;1u02dKx87jnrjlsDrBpKtpQq32it1fWyV
2025/reponse gaza 2025 v4.pdf;12h3DSnlj7psHtUXDLLAEj99ZGo3GqA-m
2025/reponse gaza 2025 v4_page-0001.jpg;17b8EEHUTschY28zF_YIaH_F7M8bJ15BU
2025/tract AT.pdf;1NJOyfRgjSHmpGS1Qcf535tuU-aRxalIr
2025/tract AT_page-0001.jpg;1h_l9SyJ_UR3ZLjiQstfZOjUkepnCwihv
2025/tract POUR CEUX QUI RESTENT.pdf;1U-bFBZVxJYO7bjv20LNmHOQbmLU6d-Bz
2025/tract POUR CEUX QUI RESTENT_page-0001.jpg;1tAdA6Dqnl0A2hmvzstuRkK9h4TUyTAOL
2025/tract RCC 2026.pdf;1H8Q_yx3YsHNtkeBoAMOMn-WMXz5hqITE
2025/tract RCC 2026_page-0001.jpg;13tqSYHEw9syWiaSM9hBbBltCcv8PK7Gz
2025/tract contentieux bonus 16juin25.pdf;1awPKdRbRnNfNKjND_1k-DpkP03e9AFDs
2025/tract contentieux bonus 16juin25_page-0001.jpg;1Z_kT3lnoLvPEey48ESjP_bnvs0YlQeoC
2025/tract evaluation objectifs v2 - 3p_page-0001.jpg;1I_1iPhFjP-BbWRUJv_zE0OxFwCpAfX_S
2025/tract evaluation objectifs v2--3p.pdf;1dvm-tx6hI1fNNI065aQDKO0V5gh9KVIo
2025/tract evaluation objectifs v2--3p_page-0001.jpg;1aYp-8anx7gFfcLVHvmhx_Ue7wYEpP1PY
2025/tract-avenant-TL-v2.pdf;1OOn8xfyiznLGf_mYMHkR2zAgRY0_yzUD
2025/tract-avenant-TL-v2_page-0001.jpg;1l961QmeMSMIzxywnWrpGBGThqyoYdChm
2025/tract-prevention-risques_V1.pdf;1o_62Ed0tKATWQgx_K2XPStU_lz47fyCJ
2025/tract-prevention-risques_V1_page-0001.jpg;1LzO5ooouQsdUkI3jarPiASVoCkN3yht6
2025/tract-salaires-2025.pdf;1J4inqlfu_uFA5o5VMK6DBXH8bf1GXS1M
2025/tract-salaires-2025_page-0001.jpg;1cXEwHDxkyHGea4L-6MUwaziAHb_V4SFk
2026/2026_06_TRACT-RetourSondageRCC2026-2.pdf;1OldcVufXV3zx73o3UJ5Sl-55Q6MiMguN
2026/2026_06_TRACT-RetourSondageRCC2026-2_page-0001.jpg;17w3-rsTo5OH-D9OAKF39VapEAGRdjZJg
2026/Perform 2 Win le reveil brutal v2.pdf;1_k7xtUE3Fv5_xfXVg2ZFuceVIgJfdHDB
2026/Perform 2 Win le reveil brutal v2_page-0001.jpg;1WmHZ2mhUIyMnbWnxAbxvTbR6r8B5QGEp
2026/communauté whatsapp v2.pdf;1FeHFg8C2HZih-BUsXbFBBrznQXg-Lp0M
2026/communauté whatsapp v2_page-0001.jpg;1RJ_nC578mRQVxZRl0mTozYT8GqnI-yXp
2026/repression syndicale v5.pdf;17mbgfuem8BeS3Y4BOH6EsVLNqjuPMA3Q
2026/repression syndicale v5_page-0001.jpg;1_74K7fsNzuwj8x4uDSz3XDrdALDAVo55
__pycache__/build_sharepoint.cpython-314.pyc;1Do5exNMgS_QKH5DVC9MlBNR3HThQ3q5K
build_email.py;19PYKx3TaCV-I6H3e6jxIyAhRDn3ANKQ9
build_sharepoint.py;1bFFWZVHIjD_pgCKiO9STeC_gtDyCbH8K
build_standalone.py;1GBh_U7FVrIX4L-8JZk8t_fLFHPt1Pn4z
wall_of_tracts_email.html;1GwBzJorZVh_AOle0NsPgCGaOZG7fyxwB
wall_of_tracts_sharepoint.html;1bC0x2UkVZR9kRkz0i3NctePtyqTJbwKS
wall_of_tracts_standalone.html;13mqCxCPoGh3V1xKSvEtIsZ0AW4GsHE1D
wall_of_tracts_v2.html;1DRZpiw9-VASSvPinyF9nmUXLPqjiq1hH